.CVS,http://hnzf.aykj.net.cn/.CVS,,239,200,953,76,1,text/html,
.badarg.log,http://hnzf.aykj.net.cn/.badarg.log,,75,200,9568,135,1,text/html,
.badsegment.log,http://hnzf.aykj.net.cn/.badsegment.log,,76,200,9572,135,1,text/html,
.bak,http://hnzf.aykj.net.cn/.bak,,77,200,9561,135,1,text/html,
.bak_0.log,http://hnzf.aykj.net.cn/.bak_0.log,,78,200,9567,135,1,text/html,
.cc-ban.txt.bak,http://hnzf.aykj.net.cn/.cc-ban.txt.bak,,136,200,9572,135,1,text/html,
.config/gcloud/access_tokens.db,http://hnzf.aykj.net.cn/.config/gcloud/access_tokens.db,,191,200,9588,135,1,text/html,
.config/gcloud/credentials.db,http://hnzf.aykj.net.cn/.config/gcloud/credentials.db,,194,200,9586,135,1,text/html,
.curlrc,http://hnzf.aykj.net.cn/.curlrc,,238,200,956,76,1,text/html,
.cvsignore,http://hnzf.aykj.net.cn/.cvsignore,,241,200,959,76,1,text/html,
.dart_tool/,http://hnzf.aykj.net.cn/.dart_tool/,,242,200,960,76,1,text/html,
.dat,http://hnzf.aykj.net.cn/.dat,,243,200,9561,135,1,text/html,
.data/,http://hnzf.aykj.net.cn/.data/,,244,200,955,76,1,text/html,
.db,http://hnzf.aykj.net.cn/.db,,245,200,9560,135,1,text/html,
.db.yaml,http://hnzf.aykj.net.cn/.db.yaml,,247,200,957,76,1,text/html,
.db3,http://hnzf.aykj.net.cn/.db3,,248,200,953,76,1,text/html,
.dbshell,http://hnzf.aykj.net.cn/.dbshell,,249,200,957,76,1,text/html,
.dbus/,http://hnzf.aykj.net.cn/.dbus/,,250,200,955,76,1,text/html,
.dep.inc,http://hnzf.aykj.net.cn/.dep.inc,,251,200,957,76,1,text/html,
.depend,http://hnzf.aykj.net.cn/.depend,,252,200,956,76,1,text/html,
.dependabot,http://hnzf.aykj.net.cn/.dependabot,,253,200,960,76,1,text/html,
.deploy/values.yaml,http://hnzf.aykj.net.cn/.deploy/values.yaml,,254,200,968,76,1,text/html,
.deployignore,http://hnzf.aykj.net.cn/.deployignore,,255,200,962,76,1,text/html,
.deployment,http://hnzf.aykj.net.cn/.deployment,,256,200,960,76,1,text/html,
.deployment-config.json,http://hnzf.aykj.net.cn/.deployment-config.json,,257,200,972,76,1,text/html,
.dev/,http://hnzf.aykj.net.cn/.dev/,,258,200,954,76,1,text/html,
.dir-locals.el,http://hnzf.aykj.net.cn/.dir-locals.el,,259,200,963,76,1,text/html,
.directory,http://hnzf.aykj.net.cn/.directory,,260,200,959,76,1,text/html,
.divzero.log,http://hnzf.aykj.net.cn/.divzero.log,,261,200,961,76,1,text/html,
.do,http://hnzf.aykj.net.cn/.do,,262,200,952,76,1,text/html,
.docker,http://hnzf.aykj.net.cn/.docker,,264,200,956,76,1,text/html,
.docker/,http://hnzf.aykj.net.cn/.docker/,,265,200,957,76,1,text/html,
.docker/.env,http://hnzf.aykj.net.cn/.docker/.env,,266,200,961,76,1,text/html,
.docker/config.json,http://hnzf.aykj.net.cn/.docker/config.json,,267,200,968,76,1,text/html,
.docker/daemon.json,http://hnzf.aykj.net.cn/.docker/daemon.json,,268,200,968,76,1,text/html,
.docker/laravel/app/.env,http://hnzf.aykj.net.cn/.docker/laravel/app/.env,,269,200,973,76,1,text/html,
.dockercfg,http://hnzf.aykj.net.cn/.dockercfg,,270,200,959,76,1,text/html,
.dockerignore,http://hnzf.aykj.net.cn/.dockerignore,,271,200,962,76,1,text/html,
FUZZ,url,redirectlocation,position,status_code,content_length,content_words,content_lines,content_type,resultfile
